{"0": [[10168.912518579054, 9560.410175005754, 9162.96391868809, 8951.62953819502, 8966.743849419752, 9243.791994228804, 9707.37854696167, 10200.053952715387, 10930.743515474145, 11502.831905238594, 11990.158921176453, 12392.669821929034, 12783.36526899128, 13233.044969807022, 13799.71813520223, 14379.073485809453, 14911.468877458277, 15167.503644850154, 14967.62568957157, 14421.218037580895, 14115.510229785736, 13649.339799071131, 12682.312490671093, 11671.62805682552], [10736.562813824523, 10050.100998678545, 9552.828821467407, 9257.844517966325, 9072.72041054134, 9128.83180799053, 9312.54895691228, 9630.585069259154, 10545.227610436932, 11417.467298330846, 12285.076963718975, 12959.768576599989, 13577.348084066096, 14129.33155491495, 14584.865893148755, 15130.013660712611, 15536.948927404454, 15787.324901164171, 15616.554241390992, 15095.111149514481, 15008.737194219493, 14591.304662856854, 13262.3558374799, 11848.729867674214], [10852.440111344764, 10191.131760464, 9716.264665491573, 9456.520965116286, 9571.716951518434, 10330.50716029938, 11606.047930636643, 12167.699872036892, 12461.062445624124, 12985.876553918948, 13506.598108259697, 13929.07137333019, 14298.555222709701, 14735.942992072938, 15077.609061770414, 15295.639836637125, 15465.1501301293, 15408.883458768201, 15229.322680629457, 15086.877672717128, 15345.040165268283, 14971.513754577769, 13737.591930249178, 12435.226627178938]], "1": [[10609.499239249257, 10130.786948617273, 9823.789026416833, 9669.55633731125, 9574.93031777945, 9668.12308412382, 9928.593964083848, 10158.564923132488, 10686.879934756933, 11282.58318040818, 11928.668280877993, 12497.711176369263, 13031.798899554466, 13618.555451280989, 14177.625035634228, 14643.483758492093, 14874.986999290475, 14847.616739151988, 14462.774111738509, 13809.821830296176, 13539.559580816256, 13120.428365068017, 12423.70807224373, 11605.808417218263], [10844.042438747749, 10316.143689779727, 9946.300366180618, 9699.127576019177, 9577.288984235389, 9562.20779990188, 9597.537690503861, 9711.820586067397, 10323.117397213977, 11099.407463581834, 11864.011575333303, 12585.161020442343, 13206.986352382495, 13751.026731485092, 14196.945002612134, 14537.203738252669, 14713.42152829544, 14569.368639672459, 14064.06805562454, 13619.12152103158, 13657.362347951797, 13199.083869708678, 12293.102042688573, 11321.301875928095], [10480.191698063461, 10011.499969311177, 9753.465703392198, 9666.576072403035, 9864.423868007802, 10510.776247240074, 11326.931105974722, 11507.597552366493, 11932.524756996801, 12543.425821964664, 13080.537041297133, 13506.936876467193, 13893.703454321374, 14230.086825840463, 14351.411614530743, 14408.369346607999, 14442.578241274967, 14327.031028294727, 13973.312414632823, 13875.746838821866, 14098.199664965097, 13724.609980275589, 12884.52405291347, 11949.519411110634]], "2": [[252.21153144942713, 243.71866338794294, 239.888815812268, 240.38077962926943, 242.88750048146832, 249.87993084886645, 256.78695331267994, 266.5830834366431, 276.8371466794898, 283.8864544982726, 286.93216748407065, 290.47808851886265, 294.8367377068171, 301.3934416257642, 309.22310872812693, 318.6283727661542, 326.5576507530954, 331.5755689552108, 331.6297574769216, 321.10871101947595, 317.11981436557824, 312.21373612740035, 294.56438711890394, 274.5666918620763], [258.6837803085432, 248.21908920380375, 241.65218739985005, 238.81571313897055, 238.18571378963767, 240.26606508558584, 244.44053709613542, 250.7404394019212, 266.87149157365656, 280.36273324245326, 290.8455429741583, 299.4760314139278, 308.8908379028963, 317.3765880314933, 324.3472154226151, 334.8319787683725, 343.3221315449066, 351.7801354430461, 350.00078853036416, 343.151441764035, 342.3538777081749, 332.9201257057816, 307.79341768042326, 282.6884295957279], [266.2042574939247, 256.0179430907223, 249.58653866684267, 246.5683282485443, 248.89119431637178, 261.2887631483061, 283.5784714079988, 293.3943839267453, 301.9477509687412, 312.24904074960074, 322.74930516441316, 328.6957891593693, 336.65938226429876, 347.19591977609207, 352.9392033233999, 357.79245682411937, 363.2185167774838, 362.32958609774124, 358.2884004235427, 351.9215333595761, 354.2925131107679, 345.22918126953016, 322.49112036947577, 298.6303078407237]], "3": [[3067.0344911353095, 3004.9644715047234, 2979.830585191797, 2971.9954019070856, 2956.4843680702306, 2974.5909369585384, 3012.233650902813, 3034.8228288482433, 3099.1278670714155, 3155.6871195382478, 3222.932582159036, 3299.0279729465915, 3343.739101432664, 3409.1430633329956, 3488.6272013236885, 3533.6408805720853, 3611.8409628226286, 3633.3724043342454, 3634.4152834379415, 3576.8860461323925, 3514.7805986905755, 3484.4040992877694, 3382.546973046191, 3271.741893907401], [3192.5515570787024, 3128.705139384962, 3084.9367038865903, 3042.0287199386844, 3025.3971437165037, 3011.362636668321, 3009.4064590963194, 3016.4039868201216, 3076.895718675858, 3177.7894031007113, 3273.6291782882076, 3346.788794049609, 3416.5994980961573, 3493.5498025142374, 3559.594104608616, 3629.9314969136362, 3675.293488257357, 3674.095109180542, 3612.544509428567, 3534.13915741923, 3516.1668412135896, 3482.74945723825, 3384.0057419752034, 3256.9819470689085], [3154.888645424156, 3096.128632686992, 3056.6315208190454, 3048.179024324512, 3050.3903738324943, 3083.0328263792244, 3177.29806308434, 3254.360886897024, 3316.5226222698448, 3395.087677540674, 3476.7461079624736, 3543.3506533456034, 3561.8866809977853, 3609.7321608877573, 3698.365690937346, 3763.0526254034853, 3796.051070638486, 3770.7445188228016, 3728.204469732892, 3672.812168975247, 3647.324230313617, 3623.2532917758513, 3495.129485864772, 3360.5976200690066]], "4": [[5122.123125146866, 4779.235188562264, 4600.745465250416, 4481.198826163949, 4451.582080058632, 4510.644401765556, 4720.7255134477, 4878.957659996017, 5236.736934438479, 5604.265324986396, 5947.028896112713, 6231.929725811604, 6502.998665707892, 6767.291876819724, 7065.99491411983, 7308.354181371335, 7520.955752889198, 7603.622624974044, 7500.912931766668, 7233.920143318236, 7045.466401096422, 6780.703897363047, 6340.0009555120705, 5820.730110164398], [5315.794489453567, 4949.83591770654, 4702.3341478394295, 4538.787479274557, 4448.119151556654, 4445.195606971877, 4533.658641923581, 4632.986114272632, 4982.376244995111, 5391.413328123986, 5737.403027698471, 6076.229068963834, 6325.193942961605, 6573.731159604951, 6857.126104744298, 7091.190410270386, 7249.108699849044, 7309.302803041747, 7269.828375120129, 7169.149143784409, 7217.546364437978, 7015.113895636067, 6437.958333222649, 5728.23945408381], [5191.344660742502, 4862.754568534876, 4703.91988708781, 4637.967046550748, 4722.198749631437, 5078.754048594783, 5743.6752673277815, 6023.480029364257, 6139.891799136626, 6299.502010422314, 6543.1191318321635, 6800.80762783967, 6953.527043469972, 7026.603486049936, 7078.2622173577965, 7057.202877467323, 7055.6142568614505, 7041.715814830722, 7023.672351161593, 7075.677558860128, 7181.67691075922, 6996.021788066209, 6479.725615763281, 5895.234840592878]],